{"cameraMode":{"drawMode":0,"name":"Shaded","section":"Shading Mode"},"sceneLighting":true,"audioPlay":false,"sceneViewState":{"m_AlwaysRefresh":false,"showFog":true,"showSkybox":true,"showFlares":true,"showImageEffects":true,"showParticleSystems":true,"showVisualEffectGraphs":true,"m_FxEnabled":true},"in2DMode":false,"pivot":{"x":1.0487213134765626,"y":0.000030517578125,"z":36.076316833496097},"rotation":{"x":-0.43678852915763857,"y":0.2707567811012268,"z":-0.13970385491847993,"w":-0.8464111089706421},"size":313.4373779296875,"orthographic":true}